date,value
2014-09-18,3930.23
2014-09-19,3944.35
2014-09-22,3947.19
2014-09-23,3871.69
2014-09-24,3820.66
2014-09-25,3724.89
2014-09-26,3754.09
2014-09-29,3798.08
2014-09-30,3806.71
2014-10-01,3797.21
2014-10-07,3760.38
2014-10-08,3753.96
2014-10-09,3821.39
2014-10-10,3767.11
2014-10-13,3788.38
2014-10-14,3784.18
2014-10-16,3684.03
2014-10-17,3692.59
2014-10-20,3729.44
2014-10-21,3756.69
2014-10-22,3798.23
2014-10-23,3837.69
2014-10-27,3812.04
2014-10-28,3823.07
2014-10-29,3846.13
2014-10-30,3870.23
2014-10-31,3919.96
2014-11-03,3958.86
2014-11-05,3973.17
2014-11-07,3979.18
2014-11-10,3984.72
2014-11-11,4012.69
2014-11-12,4032.49
2014-11-13,4012.61
2014-11-14,4038.54
2014-11-17,4078.1
2014-11-18,4092.9
2014-11-19,4059.51
2014-11-20,4050.88
2014-11-21,4045.51
2014-11-24,4050.23
2014-11-25,3987.18
2014-11-26,4013.22
2014-11-27,4038.06
2014-11-28,4079.72
2014-12-01,4071.41
2014-12-02,4107.76
2014-12-03,4173.12
2014-12-04,4191.14
2014-12-05,4179.82
2014-12-08,4136.39
2014-12-09,4069.11
2014-12-10,4109.41
2014-12-11,4080.01
2014-12-12,4030.57
2014-12-15,4008.41
2014-12-16,3891.63
2014-12-17,3867.59
2014-12-18,3976.06
2014-12-19,3993.95
2014-12-22,4033.03
2014-12-23,4020.85
2014-12-24,4023.29
2014-12-26,4037.31
2014-12-29,4074.03
2014-12-30,4096.2
2014-12-31,4144.42
2015-01-01,4171.12
2015-01-02,4204.07
2015-01-05,4211.85
2015-01-06,4094.12
2015-01-07,4105.73
2015-01-08,4181.51
2015-01-09,4183.77
2015-01-12,4209.79
2015-01-13,4213.19
2015-01-14,4204.15
2015-01-15,4254.07
2015-01-16,4272.75
2015-01-19,4289.9
2015-01-20,4307.33
2015-01-21,4302.89
2015-01-22,4310.33
2015-01-23,4307.08
2015-01-27,4342.08
2015-01-28,4355.34
2015-01-29,4341.74
2015-01-30,4326.37
2015-02-02,4357.35
2015-02-03,4349.79
2015-02-04,4334.32
2015-02-05,4281.6
2015-02-06,4234.99
2015-02-09,4177.76
2015-02-10,4195.15
2015-02-11,4267.13
2015-02-12,4322.57
2015-02-13,4356.3
2015-02-16,4350.91
2015-02-18,4394.6
2015-02-19,4400.16
2015-02-20,4403.9
2015-02-23,4367.19
2015-02-24,4356.66
2015-02-25,4342.92
2015-02-26,4306.7
2015-02-27,4386.39
2015-02-28,4377.44
2015-03-02,4436.68
2015-03-03,4492.83
2015-03-04,4441.35
2015-03-05,4476.03
2015-03-09,4416.86
2015-03-10,4404.61
2015-03-11,4389.28
2015-03-12,4447.44
2015-03-13,4387.13
2015-03-16,4366.23
2015-03-17,4398.57
2015-03-18,4408.44
2015-03-19,4381.07
2015-03-20,4313.42
2015-03-23,4278.43
2015-03-24,4263.39
2015-03-25,4244.03
2015-03-26,4208.81
2015-03-27,4212.58
2015-03-30,4297.27
2015-03-31,4318.0
2015-04-01,4384.3
2015-04-06,4430.96
2015-04-07,4462.79
2015-04-08,4500.15
2015-04-09,4514.96
2015-04-10,4537.19
2015-04-13,4549.62
2015-04-15,4522.1
2015-04-16,4482.7
2015-04-17,4420.68
2015-04-20,4322.89
2015-04-21,4313.72
2015-04-22,4313.65
2015-04-23,4307.02
2015-04-24,4203.27
2015-04-27,4089.81
2015-04-28,4155.18
2015-04-29,4193.21
2015-04-30,4192.14
2015-05-04,4270.1
2015-05-05,4269.5
2015-05-06,4135.38
2015-05-07,4069.65
2015-05-08,4142.87
2015-05-11,4196.69
2015-05-12,4119.76
2015-05-13,4158.85
2015-05-14,4203.83
2015-05-15,4224.77
2015-05-18,4260.92
2015-05-19,4272.34
2015-05-20,4280.04
2015-05-21,4279.8
2015-05-22,4287.68
2015-05-25,4281.93
2015-05-26,4277.77
2015-05-27,4282.98
2015-05-28,4274.16
2015-05-29,4327.22
2015-06-01,4331.14
2015-06-02,4234.61
2015-06-03,4153.92
2015-06-04,4158.73
2015-06-05,4162.46
2015-06-08,4098.74
2015-06-09,4085.43
2015-06-10,4125.4
2015-06-11,4063.36
2015-06-12,4055.96
2015-06-15,4065.05
2015-06-16,4079.34
2015-06-17,4132.93
2015-06-18,4181.26
2015-06-19,4190.86
2015-06-22,4256.8
2015-06-23,4276.04
2015-06-24,4246.03
2015-06-25,4265.51
2015-06-26,4271.29
2015-06-29,4205.52
2015-06-30,4251.48
2015-07-01,4312.72
2015-07-02,4342.86
2015-07-03,4339.66
2015-07-06,4387.08
2015-07-07,4417.73
2015-07-08,4351.09
2015-07-09,4337.82
2015-07-10,4349.34
2015-07-13,4397.12
2015-07-14,4418.19
2015-07-15,4433.18
2015-07-16,4472.35
2015-07-17,4492.31
2015-07-20,4511.09
2015-07-21,4439.27
2015-07-22,4485.38
2015-07-23,4501.75
2015-07-24,4476.06
2015-07-27,4426.86
2015-07-28,4412.81
2015-07-29,4447.49
2015-07-30,4486.08
2015-07-31,4531.54
2015-08-03,4570.7
2015-08-04,4610.54
2015-08-05,4646.21
2015-08-06,4646.81
2015-08-07,4640.77
2015-08-10,4629.19
2015-08-11,4582.17
2015-08-12,4477.58
2015-08-13,4448.25
2015-08-14,4529.29
2015-08-17,4547.01
2015-08-18,4582.13
2015-08-19,4589.73
2015-08-20,4499.38
2015-08-21,4467.06
2015-08-24,4075.61
2015-08-25,4135.77
2015-08-26,4143.33
2015-08-27,4246.66
2015-08-28,4254.87
2015-08-31,4247.25
2015-09-01,4161.97
2015-09-02,4157.23
2015-09-03,4207.5
2015-09-04,4114.26
2015-09-07,4045.78
2015-09-08,4069.5
2015-09-09,4145.92
2015-09-10,4129.27
2015-09-11,4149.72
2015-09-14,4189.8
2015-09-15,4163.61
2015-09-16,4138.93
2015-09-18,4178.57
2015-09-21,4218.86
2015-09-22,4173.02
2015-09-23,4204.36
2015-09-24,4227.96
2015-09-28,4222.48
2015-09-29,4215.96
2015-09-30,4269.87
2015-10-01,4271.09
2015-10-05,4339.21
2015-10-06,4367.07
2015-10-07,4382.12
2015-10-08,4366.88
2015-10-09,4372.57
2015-10-12,4378.58
2015-10-13,4392.41
2015-10-14,4401.0
2015-10-15,4419.86
2015-10-16,4425.87
2015-10-19,4455.7
2015-10-20,4471.15
2015-10-21,4457.73
2015-10-23,4447.45
2015-10-26,4423.99
2015-10-27,4428.94
2015-10-28,4414.46
2015-10-29,4400.72
2015-10-30,4374.39
2015-11-02,4364.58
2015-11-03,4374.16
2015-11-04,4364.4
2015-11-05,4296.75
2015-11-06,4269.01
2015-11-09,4301.86
2015-11-10,4259.5
2015-11-11,4313.24
2015-11-13,4281.68
2015-11-16,4307.03
2015-11-17,4329.87
2015-11-18,4301.0
2015-11-19,4351.55
2015-11-20,4377.86
2015-11-23,4389.77
2015-11-24,4399.43
2015-11-26,4418.16
2015-11-27,4441.71
2015-11-30,4462.49
2015-12-01,4477.9
2015-12-02,4477.56
2015-12-03,4456.14
2015-12-04,4421.43
2015-12-07,4423.88
2015-12-08,4365.57
2015-12-09,4283.98
2015-12-10,4322.94
2015-12-11,4287.84
2015-12-14,4297.98
2015-12-15,4328.3
2015-12-16,4335.71
2015-12-17,4409.1
2015-12-18,4400.09
2015-12-21,4432.51
2015-12-22,4422.5
2015-12-23,4443.94
2015-12-24,4468.31
2015-12-28,4486.48
2015-12-29,4486.32
2015-12-30,4492.97
2015-12-31,4519.26
2016-01-01,4562.72
2016-01-04,4513.48
2016-01-05,4543.24
2016-01-06,4527.98
2016-01-07,4404.7
2016-01-08,4458.08
2016-01-11,4431.28
2016-01-12,4386.5
2016-01-13,4324.52
2016-01-14,4264.78
2016-01-15,4130.35
2016-01-18,3982.07
2016-01-19,4046.0
2016-01-20,3963.41
2016-01-21,3979.15
2016-01-22,4066.5
2016-01-25,4096.23
2016-01-27,4113.13
2016-01-28,4107.47
2016-01-29,4157.55
2016-02-01,4167.15
2016-02-02,4116.87
2016-02-03,4025.4
2016-02-04,4000.02
2016-02-05,4060.42
2016-02-08,4056.7
2016-02-09,4002.59
2016-02-10,3948.18
2016-02-11,3774.11
2016-02-12,3733.22
2016-02-15,3862.58
2016-02-16,3776.85
2016-02-17,3788.0
2016-02-18,3807.87
2016-02-19,3811.59
2016-02-22,3825.99
2016-02-23,3782.33
2016-02-24,3749.13
2016-02-25,3709.09
2016-02-26,3699.16
2016-02-29,3699.84
2016-03-01,3813.44
2016-03-02,3891.94
2016-03-03,3942.24
2016-03-04,3970.6
2016-03-08,3979.38
2016-03-09,3992.36
2016-03-10,3985.53
2016-03-11,3982.78
2016-03-14,4002.36
2016-03-15,3976.57
2016-03-16,3965.93
2016-03-17,3981.09
2016-03-18,4010.91
2016-03-21,4064.44
2016-03-22,4077.15
2016-03-23,4082.86
2016-03-28,4022.89
2016-03-29,4021.63
2016-03-30,4094.21
2016-03-31,4124.6
2016-04-01,4151.76
2016-04-04,4171.36
2016-04-05,4103.65
2016-04-06,4132.94
2016-04-07,4113.56
2016-04-08,4141.1
2016-04-11,4175.24
2016-04-12,4217.31
2016-04-13,4267.21
2016-04-18,4316.47
2016-04-20,4341.5
2016-04-21,4316.41
2016-04-22,4315.62
2016-04-25,4302.72
2016-04-26,4333.61
2016-04-27,4341.82
2016-04-28,4290.58
2016-04-29,4292.03
2016-05-02,4305.96
2016-05-03,4291.27
2016-05-04,4246.64
2016-05-05,4238.96
2016-05-06,4243.66
2016-05-09,4298.29
2016-05-10,4302.2
2016-05-11,4293.62
2016-05-12,4327.22
2016-05-13,4322.4
2016-05-16,4322.56
2016-05-17,4335.1
2016-05-18,4347.67
2016-05-19,4294.4
2016-05-20,4264.25
2016-05-23,4246.03
2016-05-24,4228.52
2016-05-25,4269.89
2016-05-26,4309.58
2016-05-27,4341.99
2016-05-30,4366.56
2016-05-31,4359.81
2016-06-01,4357.83
2016-06-02,4377.52
2016-06-03,4357.06
2016-06-06,4369.94
2016-06-07,4405.99
2016-06-08,4439.36
2016-06-09,4434.78
2016-06-10,4428.35
2016-06-13,4405.61
2016-06-14,4433.23
2016-06-15,4463.75
2016-06-16,4441.97
2016-06-17,4461.24
2016-06-20,4478.23
2016-06-21,4491.4
2016-06-22,4470.58
2016-06-23,4469.95
2016-06-24,4406.42
2016-06-27,4464.23
2016-06-28,4493.38
2016-06-29,4551.71
2016-06-30,4598.9
2016-07-01,4637.16
2016-07-04,4680.96
2016-07-05,4681.4
2016-07-07,4677.99
2016-07-08,4662.96
2016-07-11,4710.38
2016-07-12,4720.32
2016-07-13,4683.26
2016-07-14,4711.35
2016-07-15,4677.0
2016-07-18,4652.95
2016-07-19,4657.49
2016-07-20,4707.6
2016-07-21,4695.51
2016-07-22,4733.51
2016-07-25,4780.18
2016-07-26,4749.93
2016-07-27,4776.41
2016-07-28,4804.08
2016-07-29,4824.53
2016-08-01,4836.55
2016-08-02,4802.63
2016-08-03,4746.1
2016-08-04,4768.45
2016-08-05,4842.55
2016-08-08,4870.27
2016-08-09,4853.89
2016-08-10,4798.42
2016-08-11,4799.07
2016-08-12,4808.94
2016-08-16,4823.8
2016-08-17,4854.21
2016-08-18,4903.76
2016-08-19,4935.09
2016-08-22,4912.61
2016-08-23,4911.38
2016-08-24,4937.49
2016-08-25,4924.94
2016-08-26,4924.55
2016-08-29,4942.64
2016-08-30,4995.65
2016-08-31,5006.51
2016-09-01,4979.24
2016-09-02,5004.1
2016-09-06,5064.68
2016-09-07,5079.75
2016-09-08,5120.86
2016-09-09,5091.18
2016-09-12,4953.27
2016-09-14,5017.39
2016-09-15,5026.57
2016-09-16,5028.33
2016-09-19,5053.63
2016-09-20,5036.78
2016-09-21,5041.2
2016-09-22,5098.51
2016-09-23,5104.0
2016-09-26,5072.87
2016-09-27,5076.11
2016-09-28,5131.61
2016-09-29,4941.29
2016-09-30,5037.48
2016-10-03,5167.24
2016-10-04,5204.49
2016-10-05,5240.62
2016-10-06,5214.48
2016-10-07,5211.88
2016-10-10,5215.49
2016-10-13,5144.16
2016-10-14,5183.14
2016-10-17,5137.88
2016-10-18,5206.04
2016-10-19,5216.89
2016-10-20,5240.05
2016-10-21,5255.98
2016-10-24,5267.71
2016-10-25,5264.55
2016-10-26,5226.85
2016-10-27,5182.07
2016-10-28,5233.89
2016-10-30,5271.25
2016-11-01,5265.09
2016-11-02,5168.8
2016-11-03,5110.3
2016-11-04,5014.41
2016-11-07,5061.71
2016-11-08,5078.91
2016-11-09,4955.08
2016-11-10,5042.33
2016-11-11,4866.01
2016-11-15,4658.01
2016-11-16,4666.45
2016-11-17,4644.53
2016-11-18,4658.53
2016-11-21,4517.96
2016-11-22,4579.16
2016-11-23,4639.29
2016-11-24,4621.07
2016-11-25,4700.08
2016-11-28,4729.0
2016-11-29,4765.89
2016-11-30,4825.51
2016-12-01,4783.77
2016-12-02,4716.6
2016-12-05,4732.81
2016-12-06,4754.66
2016-12-07,4733.82
2016-12-08,4797.63
2016-12-09,4819.86
2016-12-12,4771.94
2016-12-13,4762.32
2016-12-14,4729.46
2016-12-15,4738.36
2016-12-16,4725.75
2016-12-19,4703.2
2016-12-20,4650.79
2016-12-21,4652.68
2016-12-22,4596.39
2016-12-23,4591.96
2016-12-26,4489.55
2016-12-27,4556.89
2016-12-28,4591.44
2016-12-29,4652.9
2016-12-30,4689.0
2017-01-02,4739.51
2017-01-03,4777.28
2017-01-04,4793.26
2017-01-05,4840.94
2017-01-06,4825.86
2017-01-09,4846.3
2017-01-10,4871.41
2017-01-11,4928.8
2017-01-12,4925.32
2017-01-13,4923.35
2017-01-16,4945.75
2017-01-17,4959.89
2017-01-18,4988.79
2017-01-19,5008.64
2017-01-20,4937.54
2017-01-23,4963.0
2017-01-24,5009.84
2017-01-25,5064.62
2017-01-27,5098.02
2017-01-30,5085.17
2017-01-31,5029.81
2017-02-01,5123.69
2017-02-02,5170.39
2017-02-03,5230.76
2017-02-06,5275.86
2017-02-07,5265.03
2017-02-08,5286.21
2017-02-09,5295.48
2017-02-10,5300.49
2017-02-13,5264.59
2017-02-14,5247.93
2017-02-15,5171.76
2017-02-16,5240.35
2017-02-17,5261.51
2017-02-20,5308.46
2017-02-21,5336.28
2017-02-22,5308.32
2017-02-23,5320.62
2017-02-27,5329.6
2017-02-28,5361.49
2017-03-01,5383.81
2017-03-02,5312.49
2017-03-03,5333.8
2017-03-06,5353.66
2017-03-07,5354.65
2017-03-08,5327.87
2017-03-09,5323.77
2017-03-10,5319.07
2017-03-14,5390.43
2017-03-15,5437.71
2017-03-16,5502.62
2017-03-17,5508.55
2017-03-20,5523.26
2017-03-21,5522.08
2017-03-22,5463.92
2017-03-23,5508.9
2017-03-24,5529.96
2017-03-27,5530.46
2017-03-28,5554.63
2017-03-29,5580.34
2017-03-30,5614.45
2017-03-31,5660.4
2017-04-03,5717.73
2017-04-05,5770.04
2017-04-06,5755.3
2017-04-07,5722.85
2017-04-10,5753.79
2017-04-11,5811.35
2017-04-12,5776.15
2017-04-13,5769.88
2017-04-17,5792.06
2017-04-18,5762.76
2017-04-19,5804.6
2017-04-20,5869.09
2017-04-21,5875.85
2017-04-24,5922.95
2017-04-25,5963.95
2017-04-26,5931.5
2017-04-27,5938.04
2017-04-28,5979.19
2017-05-02,5999.36
2017-05-03,5992.83
2017-05-04,6017.78
2017-05-05,5969.01
2017-05-08,6008.01
2017-05-09,6030.18
2017-05-10,6069.08
2017-05-11,6070.35
2017-05-12,6022.5
2017-05-15,6080.69
2017-05-16,6111.88
2017-05-17,6094.9
2017-05-18,5964.15
2017-05-19,5917.71
2017-05-22,5849.96
2017-05-23,5743.58
2017-05-24,5669.2
2017-05-25,5772.1
2017-05-26,5858.99
2017-05-29,5765.38
2017-05-30,5800.74
2017-05-31,5866.32
2017-06-01,5921.37
2017-06-02,5959.83
2017-06-05,5989.2
2017-06-06,5959.05
2017-06-07,6001.13
2017-06-08,6014.52
2017-06-09,6039.71
2017-06-12,5999.48
2017-06-13,6011.85
2017-06-14,6042.93
2017-06-15,6055.84
2017-06-16,6064.4
2017-06-19,6056.22
2017-06-20,6062.36
2017-06-21,6065.65
2017-06-22,6031.5
2017-06-23,5952.14
2017-06-27,5867.1
2017-06-28,5877.72
2017-06-29,5922.73
2017-06-30,5966.42
2017-07-03,6023.92
2017-07-04,6013.18
2017-07-05,6075.75
2017-07-06,6090.51
2017-07-07,6099.49
2017-07-10,6123.35
2017-07-11,6076.97
2017-07-12,6122.42
2017-07-13,6149.09
2017-07-14,6139.63
2017-07-17,6140.06
2017-07-18,6102.01
2017-07-19,6155.78
2017-07-20,6152.38
2017-07-21,6155.72
2017-07-24,6163.26
2017-07-25,6182.84
2017-07-26,6198.27
2017-07-27,6179.13
2017-07-28,6202.82
2017-07-31,6213.26
2017-08-01,6211.19
2017-08-02,6208.34
2017-08-03,6140.06
2017-08-04,6151.06
2017-08-07,6220.87
2017-08-08,6153.59
2017-08-09,6054.17
2017-08-10,5856.18
2017-08-11,5837.29
2017-08-14,5979.9
2017-08-16,6059.72
2017-08-17,6073.8
2017-08-18,6047.53
2017-08-21,5981.93
2017-08-22,5944.97
2017-08-23,6015.07
2017-08-24,6044.78
2017-08-28,6115.26
2017-08-29,6054.14
2017-08-30,6133.73
2017-08-31,6176.79
2017-09-01,6231.86
2017-09-04,6187.93
2017-09-05,6248.12
2017-09-06,6263.67
2017-09-07,6293.21
2017-09-08,6286.29
2017-09-11,6323.98
2017-09-12,6387.78
2017-09-13,6347.74
2017-09-14,6381.41
2017-09-15,6401.91
2017-09-18,6454.46
2017-09-19,6471.84
2017-09-20,6449.85
2017-09-21,6421.05
2017-09-22,6244.21
2017-09-25,6136.07
2017-09-26,6184.48
2017-09-27,6067.93
2017-09-28,6113.52
2017-09-29,6176.75
2017-10-03,6212.09
2017-10-04,6244.45
2017-10-05,6284.0
2017-10-06,6349.73
2017-10-09,6363.1
2017-10-10,6414.63
2017-10-11,6352.47
2017-10-12,6422.02
2017-10-13,6434.56
2017-10-16,6460.5
2017-10-17,6493.77
2017-10-18,6486.85
2017-10-19,6474.21
2017-10-23,6501.64
2017-10-24,6534.1
2017-10-25,6556.32
2017-10-26,6587.55
2017-10-27,6594.22
2017-10-30,6677.0
2017-10-31,6698.44
2017-11-01,6732.03
2017-11-02,6760.45
2017-11-03,6776.78
2017-11-06,6792.4
2017-11-07,6703.92
2017-11-08,6652.13
2017-11-09,6715.6
2017-11-10,6727.94
2017-11-13,6701.2
2017-11-14,6684.28
2017-11-15,6599.82
2017-11-16,6674.52
2017-11-17,6731.1
2017-11-20,6780.63
2017-11-21,6797.74
2017-11-22,6806.81
2017-11-23,6834.83
2017-11-24,6868.76
2017-11-27,6911.65
2017-11-28,6919.96
2017-11-29,6906.1
2017-11-30,6902.13
2017-12-01,6829.47
2017-12-04,6811.42
2017-12-05,6818.34
2017-12-06,6772.39
2017-12-07,6854.99
2017-12-08,6917.24
2017-12-11,6934.24
2017-12-12,6880.26
2017-12-13,6826.23
2017-12-14,6815.44
2017-12-15,6903.44
2017-12-18,6941.45
2017-12-19,7041.2
2017-12-20,7086.07
2017-12-21,7157.15
2017-12-22,7182.66
2017-12-26,7220.32
2017-12-27,7211.32
2017-12-28,7227.35
2017-12-29,7281.14
2018-01-01,7287.34
2018-01-02,7228.74
2018-01-03,7276.33
2018-01-04,7337.76
2018-01-05,7410.08
2018-01-08,7475.65
2018-01-09,7470.97
2018-01-10,7453.74
2018-01-11,7486.29
2018-01-12,7476.93
2018-01-15,7484.6
2018-01-16,7338.56
2018-01-17,7385.84
2018-01-18,7250.44
2018-01-19,7324.59
2018-01-22,7371.17
2018-01-23,7415.19
2018-01-24,7358.29
2018-01-25,7297.41
2018-01-29,7226.85
2018-01-30,7151.5
2018-01-31,7070.27
2018-02-01,7052.87
2018-02-02,6737.0
2018-02-05,6712.5
2018-02-06,6581.57
2018-02-07,6649.09
2018-02-08,6782.84
2018-02-09,6794.14
2018-02-12,6898.65
2018-02-14,6908.13
2018-02-15,6845.36
2018-02-16,6775.12
2018-02-19,6707.12
2018-02-20,6695.98
2018-02-21,6694.81
2018-02-22,6660.3
2018-02-23,6769.1
2018-02-26,6827.37
2018-02-27,6794.97
2018-02-28,6796.33
2018-03-01,6766.12
2018-03-05,6702.31
2018-03-06,6628.53
2018-03-07,6511.06
2018-03-08,6554.2
2018-03-09,6536.43
2018-03-12,6582.21
2018-03-13,6648.24
2018-03-14,6653.62
2018-03-15,6691.72
2018-03-16,6614.33
2018-03-19,6495.96
2018-03-20,6507.88
2018-03-21,6528.93
2018-03-22,6470.58
2018-03-23,6376.79
2018-03-26,6445.07
2018-03-27,6526.42
2018-03-28,6479.83
2018-04-02,6589.46
2018-04-03,6652.75
2018-04-04,6588.28
2018-04-05,6707.8
2018-04-06,6740.19
2018-04-09,6757.13
2018-04-10,6764.29
2018-04-11,6768.76
2018-04-12,6748.99
2018-04-13,6774.45
2018-04-16,6809.87
2018-04-17,6826.34
2018-04-18,6811.85
2018-04-19,6857.87
2018-04-20,6846.41
2018-04-23,6873.33
2018-04-24,6866.56
2018-04-25,6825.01
2018-04-26,6845.09
2018-04-27,6883.98
2018-04-30,6946.16
2018-05-02,6863.82
2018-05-03,6800.23
2018-05-04,6779.71
2018-05-07,6825.28
2018-05-08,6834.67
2018-05-09,6804.66
2018-05-10,6708.48
2018-05-11,6718.63
2018-05-14,6650.44
2018-05-15,6595.33
2018-05-16,6592.0
2018-05-17,6623.36
2018-05-18,6526.56
2018-05-21,6401.27
2018-05-22,6439.24
2018-05-23,6411.63
2018-05-24,6396.46
2018-05-25,6492.12
2018-05-28,6577.24
2018-05-29,6564.68
2018-05-30,6560.39
2018-05-31,6537.65
2018-06-01,6451.05
2018-06-04,6352.17
2018-06-05,6241.96
2018-06-06,6327.85
2018-06-07,6430.17
2018-06-08,6468.62
2018-06-11,6482.52
2018-06-12,6528.33
2018-06-13,6508.72
2018-06-14,6510.27
2018-06-15,6476.45
2018-06-18,6445.11
2018-06-19,6367.4
2018-06-20,6387.66
2018-06-21,6347.89
2018-06-22,6360.64
2018-06-25,6317.59
2018-06-26,6291.03
2018-06-27,6188.63
2018-06-28,6086.02
2018-06-29,6196.44
2018-07-02,6159.32
2018-07-03,6195.37
2018-07-04,6216.17
2018-07-05,6177.88
2018-07-06,6207.06
2018-07-09,6300.99
2018-07-10,6353.12
2018-07-11,6329.41
2018-07-12,6314.37
2018-07-13,6235.4
2018-07-16,6084.22
2018-07-17,6185.89
2018-07-18,6127.03
2018-07-19,6080.57
2018-07-20,6123.74
2018-07-23,6180.87
2018-07-24,6285.66
2018-07-25,6291.21
2018-07-26,6316.73
2018-07-27,6374.51
2018-07-30,6391.2
2018-07-31,6411.07
2018-08-01,6423.37
2018-08-02,6420.15
2018-08-03,6491.88
2018-08-06,6514.32
2018-08-07,6497.11
2018-08-08,6506.43
2018-08-09,6533.01
2018-08-10,6492.91
2018-08-13,6449.3
2018-08-14,6506.7
2018-08-16,6494.19
2018-08-17,6555.46
2018-08-20,6586.73
2018-08-21,6609.19
2018-08-23,6600.68
2018-08-24,6584.06
2018-08-27,6649.66
2018-08-28,6654.4
2018-08-29,6677.71
2018-08-30,6698.41
2018-08-31,6727.2
2018-09-03,6709.81
2018-09-04,6561.32
2018-09-05,6529.21
2018-09-06,6556.8
2018-09-07,6612.33
2018-09-10,6520.63
2018-09-11,6437.49
2018-09-12,6440.19
2018-09-14,6533.96
2018-09-17,6510.27
2018-09-18,6415.31
2018-09-19,6357.29
2018-09-21,6208.95
2018-09-24,6050.14
2018-09-25,6028.03
2018-09-26,6041.61
2018-09-27,5916.94
2018-09-28,5770.74
2018-10-01,5781.45
2018-10-03,5750.05
2018-10-04,5632.68
2018-10-05,5494.49
2018-10-08,5397.11
2018-10-09,5375.78
2018-10-10,5578.91
2018-10-11,5468.14
2018-10-12,5609.32
2018-10-15,5665.13
2018-10-16,5749.95
2018-10-17,5628.76
2018-10-19,5555.46
2018-10-22,5475.43
2018-10-23,5416.41
2018-10-24,5471.08
2018-10-25,5434.07
2018-10-26,5426.3
2018-10-29,5564.37
2018-10-30,5613.36
2018-10-31,5702.12
2018-11-01,5755.2
2018-11-02,5795.3
2018-11-05,5771.84
2018-11-06,5753.3
2018-11-07,5807.04
2018-11-09,5858.14
2018-11-12,5806.9
2018-11-13,5819.81
2018-11-14,5821.61
2018-11-15,5840.88
2018-11-16,5831.78
2018-11-19,5854.55
2018-11-20,5796.28
2018-11-21,5813.08
2018-11-22,5774.39
2018-11-26,5779.71
2018-11-27,5807.52
2018-11-28,5766.94
2018-11-29,5787.45
2018-11-30,5818.79
2018-12-03,5851.8
2018-12-04,5853.48
2018-12-05,5780.25
2018-12-06,5697.42
2018-12-07,5696.98
2018-12-10,5586.78
2018-12-11,5668.45
2018-12-12,5813.95
2018-12-13,5860.13
2018-12-14,5868.6
2018-12-17,5890.1
2018-12-18,5911.87
2018-12-19,5980.71
2018-12-20,5986.91
2018-12-21,5911.42
2018-12-24,5867.53
2018-12-26,5859.4
2018-12-27,5879.45
2018-12-28,5934.66
2018-12-31,5971.86
2019-01-01,5980.09
2019-01-02,5923.17
2019-01-03,5885.63
2019-01-04,5906.15
2019-01-07,5908.71
2019-01-08,5909.83
2019-01-09,5904.54
2019-01-10,5927.33
2019-01-11,5919.57
2019-01-14,5897.7
2019-01-15,5936.55
2019-01-16,5933.7
2019-01-17,5917.5
2019-01-18,5879.85
2019-01-21,5837.85
2019-01-22,5821.55
2019-01-23,5809.7
2019-01-24,5791.05
2019-01-25,5712.6
2019-01-28,5613.7
2019-01-29,5624.35
2019-01-30,5654.1
2019-01-31,5684.3
2019-02-01,5705.55
2019-02-04,5653.4
2019-02-05,5608.5
2019-02-06,5616.6
2019-02-07,5654.15
2019-02-08,5589.4
2019-02-11,5502.45
2019-02-12,5491.15
2019-02-13,5471.35
2019-02-14,5485.5
2019-02-15,5440.55
2019-02-18,5386.25
2019-02-19,5409.95
2019-02-20,5459.2
2019-02-21,5512.05
2019-02-22,5543.35
2019-02-25,5571.2
2019-02-26,5557.45
2019-02-27,5575.9
2019-02-28,5610.25
2019-03-01,5700.25
2019-03-05,5846.3
2019-03-06,5883.05
2019-03-07,5871.5
2019-03-08,5865.75
2019-03-11,5978.5
2019-03-12,6022.4
2019-03-13,5996.3
2019-03-14,5995.6
2019-03-15,6011.4
2019-03-18,5994.65
2019-03-19,6025.45
2019-03-20,6002.95
2019-03-22,5975.8
2019-03-25,5921.65
2019-03-26,5975.95
2019-03-27,6017.65
2019-03-28,6078.05
2019-03-29,6128.7
2019-04-01,6159.7
2019-04-02,6159.6
2019-04-03,6100.7
2019-04-04,6085.5
2019-04-05,6131.65
2019-04-08,6096.3
2019-04-09,6097.55
2019-04-10,6093.55
2019-04-11,6096.9
2019-04-12,6124.4
2019-04-15,6156.25
2019-04-16,6167.45
2019-04-18,6108.45
2019-04-22,6016.2
2019-04-23,6014.55
2019-04-24,6037.4
2019-04-25,6022.0
2019-04-26,6008.65
2019-04-30,5954.05
2019-05-02,5928.7
2019-05-03,5923.95
2019-05-06,5879.85
2019-05-07,5826.25
2019-05-08,5765.4
2019-05-09,5751.15
2019-05-10,5770.9
2019-05-13,5653.15
2019-05-14,5677.55
2019-05-15,5645.15
2019-05-16,5657.95
2019-05-17,5700.65
2019-05-20,5916.35
2019-05-21,5866.0
2019-05-22,5875.35
2019-05-23,5868.0
2019-05-24,5990.7
2019-05-27,6089.0
2019-05-28,6103.15
2019-05-29,6065.25
2019-05-30,6092.0
2019-05-31,6080.1
2019-06-03,6114.7
2019-06-04,6109.5
2019-06-06,6016.6
2019-06-07,6008.8
2019-06-10,6000.45
2019-06-11,6027.55
2019-06-12,5986.6
2019-06-13,5964.95
2019-06-14,5919.7
2019-06-17,5844.25
2019-06-18,5830.05
2019-06-19,5768.25
2019-06-20,5840.15
2019-06-21,5841.1
2019-06-24,5826.25
2019-06-25,5859.3
2019-06-26,5899.15
2019-06-27,5924.2
2019-06-28,5917.65
2019-07-01,5935.4
2019-07-02,5944.7
2019-07-03,5956.0
2019-07-04,5956.25
2019-07-05,5871.0
2019-07-08,5733.1
2019-07-09,5746.65
2019-07-10,5699.6
2019-07-11,5733.5
2019-07-12,5755.35
2019-07-15,5713.0
2019-07-16,5738.2
2019-07-17,5728.5
2019-07-18,5653.8
2019-07-19,5552.15
2019-07-22,5502.65
2019-07-23,5498.7
2019-07-24,5425.75
2019-07-25,5437.85
2019-07-26,5455.9
2019-07-29,5406.3
2019-07-30,5305.5
2019-07-31,5348.45
2019-08-01,5294.05
2019-08-02,5279.3
2019-08-05,5195.4
2019-08-06,5285.35
2019-08-07,5266.2
2019-08-08,5301.75
2019-08-09,5351.4
2019-08-13,5260.4
2019-08-14,5296.2
2019-08-16,5309.1
2019-08-19,5328.9
2019-08-20,5290.4
2019-08-21,5211.3
2019-08-22,5114.9
2019-08-23,5155.95
2019-08-26,5236.65
2019-08-27,5292.2
2019-08-28,5252.45
2019-08-29,5224.05
2019-08-30,5272.35
2019-09-03,5194.8
2019-09-04,5210.95
2019-09-05,5230.6
2019-09-06,5271.9
2019-09-09,5322.65
2019-09-11,5377.7
2019-09-12,5371.4
2019-09-13,5400.65
2019-09-16,5404.05
2019-09-17,5303.2
2019-09-18,5317.85
2019-09-19,5239.6
2019-09-20,5498.5
2019-09-23,5657.15
2019-09-24,5638.05
2019-09-25,5547.95
2019-09-26,5586.85
2019-09-27,5540.8
2019-09-30,5472.0
2019-10-01,5381.5
2019-10-03,5370.5
2019-10-04,5325.9
2019-10-07,5298.1
2019-10-09,5349.55
2019-10-10,5306.35
2019-10-11,5319.4
2019-10-14,5329.5
2019-10-15,5339.1
2019-10-16,5336.0
2019-10-17,5412.5
2019-10-18,5509.5
2019-10-22,5528.35
2019-10-23,5535.2
2019-10-24,5518.9
2019-10-25,5506.35
2019-10-27,5555.9
2019-10-29,5604.7
2019-10-30,5634.1
2019-10-31,5696.35
2019-11-01,5719.85
2019-11-04,5724.0
2019-11-05,5670.85
2019-11-06,5657.6
2019-11-07,5692.45
2019-11-08,5660.25
2019-11-11,5682.5
2019-11-13,5637.4
2019-11-14,5646.95
2019-11-15,5655.35
2019-11-18,5684.4
2019-11-19,5699.75
2019-11-20,5707.3
2019-11-21,5673.65
2019-11-22,5676.15
2019-11-25,5729.5
2019-11-26,5692.4
2019-11-27,5721.85
2019-11-28,5765.8
2019-11-29,5787.4
2019-12-02,5753.15
2019-12-03,5702.6
2019-12-04,5732.45
2019-12-05,5726.15
2019-12-06,5657.6
2019-12-09,5646.6
2019-12-10,5587.5
2019-12-11,5604.4
2019-12-12,5641.4
2019-12-13,5691.6
2019-12-16,5673.3
2019-12-17,5705.25
2019-12-18,5695.5
2019-12-19,5701.1
2019-12-20,5701.8
2019-12-23,5694.95
2019-12-24,5691.25
2019-12-26,5701.5
2019-12-27,5751.5
2019-12-30,5782.35
2019-12-31,5797.05
2020-01-01,5824.3
2020-01-02,5903.4
2020-01-03,5889.75
2020-01-06,5768.65
2020-01-07,5818.8
2020-01-08,5825.85
2020-01-09,5915.55
2020-01-10,5940.35
2020-01-13,5985.4
2020-01-14,6024.45
2020-01-15,6080.3
2020-01-16,6128.9
2020-01-17,6155.25
2020-01-20,6126.65
2020-01-21,6122.1
2020-01-22,6110.85
2020-01-23,6176.15
2020-01-24,6219.8
2020-01-27,6211.95
2020-01-28,6200.4
2020-01-29,6212.9
2020-01-30,6159.2
2020-01-31,6139.4
2020-02-01,5990.75
2020-02-03,6025.0
2020-02-04,6103.95
2020-02-05,6164.2
2020-02-06,6203.4
2020-02-07,6243.6
2020-02-10,6201.65
2020-02-11,6206.25
2020-02-12,6195.2
2020-02-13,6187.8
2020-02-14,6156.4
2020-02-17,6097.2
2020-02-18,6063.5
2020-02-19,6149.3
2020-02-20,6188.8
2020-02-24,6082.05
2020-02-25,6058.4
2020-02-26,5999.35
2020-02-27,5951.75
2020-02-28,5758.55
2020-03-02,5711.5
2020-03-03,5800.0
2020-03-04,5710.7
2020-03-05,5728.1
2020-03-06,5608.5
2020-03-09,5365.5
2020-03-11,5333.45
2020-03-12,4899.15
2020-03-13,4987.3
2020-03-16,4701.6
2020-03-17,4588.9
2020-03-18,4332.25
2020-03-19,4142.4
2020-03-20,4297.05
2020-03-23,3744.75
2020-03-24,3761.45
2020-03-25,3876.35
2020-03-26,4016.55
2020-03-27,4015.45
2020-03-30,3921.2
2020-03-31,4027.95
2020-04-01,3964.6
2020-04-03,3914.15
2020-04-07,4087.2
2020-04-08,4155.2
2020-04-09,4291.45
2020-04-13,4252.4
2020-04-15,4305.4
2020-04-16,4378.15
2020-04-17,4485.55
2020-04-20,4509.3
2020-04-21,4370.7
2020-04-22,4398.3
2020-04-23,4450.55
2020-04-24,4371.4
2020-04-27,4433.85
2020-04-28,4478.75
2020-04-29,4529.45
2020-04-30,4596.7
2020-05-04,4428.4
2020-05-05,4392.1
2020-05-06,4413.35
2020-05-07,4400.8
2020-05-08,4380.05
2020-05-11,4387.65
2020-05-12,4357.0
2020-05-13,4445.1
2020-05-14,4419.25
2020-05-15,4411.95
2020-05-18,4248.8
2020-05-19,4256.9
2020-05-20,4315.0
2020-05-21,4348.4
2020-05-22,4327.35
2020-05-26,4369.75
2020-05-27,4386.95
2020-05-28,4452.9
2020-05-29,4507.5
2020-06-01,4641.9
2020-06-02,4715.9
2020-06-03,4756.5
2020-06-04,4748.6
2020-06-05,4846.35
2020-06-08,4877.75
2020-06-09,4845.85
2020-06-10,4895.5
2020-06-11,4836.1
2020-06-12,4866.0
2020-06-15,4834.95
2020-06-16,4852.95
2020-06-17,4873.2
2020-06-18,4935.15
2020-06-19,5003.85
2020-06-22,5087.45
2020-06-23,5168.4
2020-06-24,5107.3
2020-06-25,5147.15
2020-06-26,5158.55
2020-06-29,5086.8
2020-06-30,5065.05
2020-07-01,5084.55
2020-07-02,5136.1
2020-07-03,5164.35
2020-07-06,5245.85
2020-07-07,5275.35
2020-07-08,5249.9
2020-07-09,5269.2
2020-07-10,5239.4
2020-07-13,5232.05
2020-07-14,5171.45
2020-07-15,5158.05
2020-07-16,5171.15
2020-07-17,5233.6
2020-07-20,5282.25
2020-07-21,5293.3
2020-07-22,5289.25
2020-07-23,5326.7
2020-07-24,5313.8
2020-07-27,5258.0
2020-07-28,5301.15
2020-07-29,5318.85
2020-07-30,5280.25
2020-07-31,5311.15
2020-08-03,5331.2
2020-08-04,5392.8
2020-08-05,5428.0
2020-08-06,5481.1
2020-08-07,5542.85
2020-08-10,5616.15
2020-08-11,5607.45
2020-08-12,5614.85
2020-08-13,5687.25
2020-08-14,5644.1
2020-08-17,5678.25
2020-08-18,5751.15
2020-08-19,5801.9
2020-08-20,5842.6
2020-08-21,5899.0
2020-08-24,5963.2
2020-08-25,5984.0
2020-08-26,6023.75
2020-08-27,6035.1
2020-08-28,6055.75
2020-08-31,5814.95
2020-09-01,5849.15
2020-09-02,5937.8
2020-09-03,5984.15
2020-09-04,5899.85
2020-09-07,5873.4
2020-09-08,5807.3
2020-09-09,5757.6
2020-09-10,5826.8
2020-09-11,5854.15
2020-09-14,6056.0
2020-09-15,6130.65
2020-09-16,6151.1
2020-09-17,6123.05
2020-09-18,6112.25
2020-09-21,5896.9
2020-09-22,5795.4
2020-09-23,5780.7
2020-09-24,5654.5
2020-09-25,5796.65
2020-09-28,5958.2
2020-09-29,5948.95
2020-09-30,5952.2
2020-10-01,5997.35
2020-10-05,6003.6
2020-10-06,6036.2
2020-10-07,6004.8
2020-10-08,5994.75
2020-10-09,5979.05
2020-10-12,5945.6
2020-10-13,5923.9
2020-10-14,5918.9
2020-10-15,5828.3
2020-10-16,5893.3
2020-10-19,5928.2
2020-10-20,5954.25
2020-10-21,5961.85
2020-10-22,6004.4
2020-10-23,6045.6
2020-10-26,5964.95
2020-10-27,6014.95
2020-10-28,5965.7
2020-10-29,5935.15
2020-10-30,5951.7
2020-11-02,5936.1
2020-11-03,5971.35
2020-11-04,5992.45
2020-11-05,6095.3
2020-11-06,6132.75
2020-11-09,6175.5
2020-11-10,6180.5
2020-11-11,6201.9
2020-11-12,6246.5
2020-11-13,6305.2
2020-11-14,6348.35
2020-11-17,6413.0
2020-11-18,6488.45
2020-11-19,6468.0
2020-11-20,6528.85
2020-11-23,6615.35
2020-11-24,6671.55
2020-11-25,6581.25
2020-11-26,6628.75
2020-11-27,6792.25
2020-12-01,6857.9
2020-12-02,6892.95
2020-12-03,6930.95
2020-12-04,6959.4
2020-12-07,7039.75
2020-12-08,7030.85
2020-12-09,7074.75
2020-12-10,7024.9
2020-12-11,7046.55
2020-12-14,7091.95
2020-12-15,7110.65
2020-12-16,7186.95
2020-12-17,7176.5
2020-12-18,7161.05
2020-12-21,6837.9
2020-12-22,6887.05
2020-12-23,7056.95
2020-12-24,7087.25
2020-12-28,7175.2
2020-12-29,7170.85
2020-12-30,7200.6
2020-12-31,7224.4
2021-01-01,7307.5
2021-01-04,7409.85
2021-01-05,7463.9
2021-01-06,7476.75
2021-01-07,7568.35
2021-01-08,7638.8
2021-01-11,7626.55
2021-01-12,7658.15
2021-01-13,7624.25
2021-01-14,7638.9
2021-01-15,7557.9
2021-01-18,7416.65
2021-01-19,7565.4
2021-01-20,7622.8
2021-01-21,7557.85
2021-01-22,7475.9
2021-01-25,7397.6
2021-01-27,7319.35
2021-01-28,7279.25
2021-01-29,7260.7
2021-02-01,7454.75
2021-02-02,7602.05
2021-02-03,7708.1
2021-02-04,7807.7
2021-02-05,7764.15
2021-02-08,7881.75
2021-02-09,7873.45
2021-02-10,7921.55
2021-02-11,7965.15
2021-02-12,7955.75
2021-02-15,8028.0
2021-02-16,8062.5
2021-02-17,8088.25
2021-02-18,8133.0
2021-02-19,8036.7
2021-02-22,7945.35
2021-02-23,8020.45
2021-02-24,8105.85
2021-02-25,8226.2
2021-02-26,8129.5
2021-03-01,8260.45
2021-03-02,8381.2
2021-03-03,8497.45
2021-03-04,8552.0
2021-03-05,8397.0
2021-03-08,8434.6
2021-03-09,8390.8
2021-03-10,8462.2
2021-03-12,8455.55
2021-03-15,8396.4
2021-03-16,8420.7
2021-03-17,8233.8
2021-03-18,8118.0
2021-03-19,8176.3
2021-03-22,8228.25
2021-03-23,8285.5
2021-03-24,8133.15
2021-03-25,7984.15
2021-03-26,8097.1
2021-03-30,8225.6
2021-03-31,8260.95
2021-04-01,8400.05
2021-04-05,8279.65
2021-04-06,8343.1
2021-04-07,8448.45
2021-04-08,8510.7
2021-04-09,8533.25
2021-04-12,8086.0
2021-04-13,8207.4
2021-04-15,8201.55
2021-04-16,8281.85
2021-04-19,8120.2
2021-04-20,8151.15
2021-04-22,8191.95
2021-04-23,8220.85
2021-04-26,8293.25
2021-04-27,8419.7
2021-04-28,8502.25
2021-04-29,8496.4
2021-04-30,8463.05
2021-05-03,8519.95
2021-05-04,8485.3
2021-05-05,8552.0
2021-05-06,8613.95
2021-05-07,8612.5
2021-05-10,8690.3
2021-05-11,8761.3
2021-05-12,8703.8
2021-05-14,8589.85
2021-05-17,8722.6
2021-05-18,8856.0
2021-05-19,8871.65
2021-05-20,8868.5
2021-05-21,8934.15
2021-05-24,9000.55
2021-05-25,9001.35
2021-05-26,9029.75
2021-05-27,9081.95
2021-05-28,9062.75
2021-05-31,9099.85
2021-06-01,9069.15
2021-06-02,9184.6
2021-06-03,9271.6
2021-06-04,9329.45
2021-06-07,9451.7
2021-06-08,9508.45
2021-06-09,9424.65
2021-06-10,9567.15
2021-06-11,9594.1
2021-06-14,9561.3
2021-06-15,9613.9
2021-06-16,9536.6
2021-06-17,9450.5
2021-06-18,9370.25
2021-06-21,9433.8
2021-06-22,9470.5
2021-06-23,9452.05
2021-06-24,9430.1
2021-06-25,9499.05
2021-06-28,9546.95
2021-06-29,9516.05
2021-06-30,9559.3
2021-07-01,9562.85
2021-07-02,9631.7
2021-07-05,9693.1
2021-07-06,9682.8
2021-07-07,9734.05
2021-07-08,9705.6
2021-07-09,9753.1
2021-07-12,9813.7
2021-07-13,9859.1
2021-07-14,9887.0
2021-07-15,9932.4
2021-07-16,9978.45
2021-07-19,9934.5
2021-07-20,9790.1
2021-07-22,9912.45
2021-07-23,9914.25
2021-07-26,9928.85
2021-07-27,9896.1
2021-07-28,9853.35
2021-07-29,9931.1
2021-07-30,10007.9
2021-08-02,10124.0
2021-08-03,10129.75
2021-08-04,10026.2
2021-08-05,10010.6
2021-08-06,10016.8
2021-08-09,9938.85
2021-08-10,9780.5
2021-08-11,9736.0
2021-08-12,9874.65
2021-08-13,9864.05
2021-08-16,9814.3
2021-08-17,9829.9
2021-08-18,9829.65
2021-08-20,9630.9
2021-08-23,9521.25
2021-08-24,9663.1
2021-08-25,9713.35
2021-08-26,9731.95
2021-08-27,9819.2
2021-08-30,9985.85
2021-08-31,10052.6
2021-09-01,10100.85
2021-09-02,10187.25
2021-09-03,10232.05
2021-09-06,10290.0
2021-09-07,10267.8
2021-09-08,10314.4
2021-09-09,10363.3
2021-09-13,10423.4
2021-09-14,10528.0
2021-09-15,10621.15
2021-09-16,10648.65
2021-09-17,10528.65
2021-09-20,10328.35
2021-09-21,10365.45
2021-09-22,10508.35
2021-09-23,10630.15
2021-09-24,10577.85
2021-09-27,10576.15
2021-09-28,10513.35
2021-09-29,10583.9
2021-09-30,10642.9
2021-10-01,10659.5
2021-10-04,10819.9
2021-10-05,10871.9
2021-10-06,10779.6
2021-10-07,10955.5
2021-10-08,11020.15
2021-10-11,11099.35
2021-10-12,11146.5
2021-10-13,11250.75
2021-10-14,11317.6
2021-10-18,11425.8
2021-10-19,11206.3
2021-10-20,10977.5
2021-10-21,10910.45
2021-10-22,10816.6
2021-10-25,10635.3
2021-10-26,10838.85
2021-10-27,10864.65
2021-10-28,10688.05
2021-10-29,10666.3
2021-11-01,10822.65
2021-11-02,10930.0
2021-11-03,10899.7
2021-11-04,11012.7
2021-11-08,11124.9
2021-11-09,11216.05
2021-11-10,11185.0
2021-11-11,11117.05
2021-11-12,11165.5
2021-11-15,11184.15
2021-11-16,11178.2
2021-11-17,11141.6
2021-11-18,10973.5
2021-11-22,10671.45
2021-11-23,10847.3
2021-11-24,10842.15
2021-11-25,10905.5
2021-11-26,10585.15
2021-11-29,10424.8
2021-11-30,10543.9
2021-12-01,10613.15
2021-12-02,10734.6
2021-12-03,10739.85
2021-12-06,10602.95
2021-12-07,10731.25
2021-12-08,10891.7
2021-12-09,10965.7
2021-12-10,11046.85
2021-12-13,11045.1
2021-12-14,11035.45
2021-12-15,10982.3
2021-12-16,10902.25
2021-12-17,10673.25
2021-12-20,10308.5
2021-12-21,10440.35
2021-12-22,10600.65
2021-12-23,10688.65
2021-12-24,10595.55
2021-12-27,10632.1
2021-12-28,10764.25
2021-12-29,10798.95
2021-12-30,10793.0
2021-12-31,10928.5
2022-01-03,11057.0
2022-01-04,11093.9
2022-01-05,11097.9
2022-01-06,11097.55
2022-01-07,11140.2
2022-01-10,11240.9
2022-01-11,11256.85
2022-01-12,11370.15
2022-01-13,11430.1
2022-01-14,11452.9
2022-01-17,11493.7
2022-01-18,11273.15
2022-01-19,11269.75
2022-01-20,11246.6
2022-01-21,11017.55
2022-01-24,10577.65
2022-01-25,10675.75
2022-01-27,10578.55
2022-01-28,10691.65
2022-01-31,10835.2
2022-02-01,10937.1
2022-02-02,11079.5
2022-02-03,11005.45
2022-02-04,10927.7
2022-02-07,10823.45
2022-02-08,10712.95
2022-02-09,10805.9
2022-02-10,10827.95
2022-02-11,10618.75
2022-02-14,10197.7
2022-02-15,10440.95
2022-02-16,10454.3
2022-02-17,10409.85
2022-02-18,10322.2
2022-02-21,10156.45
2022-02-22,10028.75
2022-02-23,10092.1
2022-02-24,9532.05
2022-02-25,9913.05
2022-02-28,9996.45
2022-03-02,9988.55
2022-03-03,9982.55
2022-03-04,9793.05
2022-03-07,9573.9
2022-03-08,9684.95
2022-03-09,9883.65
2022-03-10,9997.95
2022-03-11,10063.25
2022-03-14,10086.15
2022-03-15,10004.35
2022-03-16,10172.55
2022-03-17,10295.2
2022-03-21,10295.2
2022-03-22,10314.8
2022-03-23,10334.3
2022-03-24,10382.1
2022-03-25,10354.45
2022-03-28,10323.75
2022-03-29,10386.25
2022-03-30,10480.25
2022-03-31,10521.5
2022-04-01,10676.15
2022-04-04,10835.95
2022-04-05,10978.0
2022-04-06,11026.15
2022-04-07,10944.7
2022-04-08,11041.7
2022-04-11,11105.2
2022-04-12,10919.55
2022-04-13,10924.5
2022-04-18,10808.85
2022-04-19,10666.9
2022-04-20,10713.85
2022-04-21,10832.7
2022-04-22,10762.75
2022-04-25,10561.2
2022-04-26,10699.7
2022-04-27,10619.55
2022-04-28,10671.1
2022-04-29,10585.6
2022-05-02,10514.95
2022-05-04,10291.7
2022-05-05,10273.25
2022-05-06,10078.85
2022-05-09,9899.2
2022-05-10,9711.35
2022-05-11,9584.8
2022-05-12,9393.5
2022-05-13,9487.35
2022-05-16,9610.0
2022-05-17,9862.95
2022-05-18,9865.0
2022-05-19,9611.75
2022-05-20,9810.45
2022-05-23,9762.1
2022-05-24,9683.15
2022-05-25,9440.9
2022-05-26,9546.0
2022-05-27,9659.1
2022-05-30,9883.45
2022-05-31,9917.45
2022-06-01,9962.9
2022-06-02,10013.7
2022-06-03,9882.2
2022-06-06,9849.05
2022-06-07,9785.1
2022-06-08,9751.95
2022-06-09,9781.25
2022-06-10,9706.85
2022-06-13,9419.0
2022-06-14,9391.4
2022-06-15,9429.45
2022-06-16,9195.05
2022-06-17,9100.3
2022-06-20,8889.6
2022-06-21,9164.1
2022-06-22,9042.45
2022-06-23,9146.25
2022-06-24,9282.25
2022-06-27,9394.25
2022-06-28,9417.4
2022-06-29,9387.1
2022-06-30,9340.6
2022-07-01,9369.1
2022-07-04,9425.7
2022-07-05,9425.4
2022-07-06,9557.55
2022-07-07,9684.25
2022-07-08,9705.4
2022-07-11,9803.9
2022-07-12,9756.05
2022-07-13,9769.25
2022-07-14,9742.5
2022-07-15,9802.15
2022-07-18,9938.15
2022-07-19,10014.95
2022-07-20,10042.3
2022-07-21,10157.45
2022-07-22,10178.6
2022-07-25,10160.8
2022-07-26,10053.5
2022-07-27,10113.45
2022-07-28,10188.75
2022-07-29,10331.7
2022-08-01,10492.15
2022-08-02,10545.55
2022-08-03,10494.45
2022-08-04,10525.15
2022-08-05,10545.25
2022-08-08,10571.5
2022-08-10,10546.95
2022-08-11,10625.15
2022-08-12,10680.1
2022-08-16,10809.5
2022-08-17,10856.1
2022-08-18,10877.0
2022-08-19,10746.95
2022-08-22,10582.1
2022-08-23,10684.5
2022-08-24,10761.75
2022-08-25,10779.65
2022-08-26,10832.25
2022-08-29,10750.55
2022-08-30,10940.75
2022-09-01,10970.05
2022-09-02,10957.1
2022-09-05,11032.2
2022-09-06,11071.5
2022-09-07,11139.85
2022-09-08,11190.85
2022-09-09,11215.2
2022-09-12,11311.0
2022-09-13,11326.1
2022-09-14,11302.35
2022-09-15,11326.8
2022-09-16,11048.6
2022-09-19,11025.75
2022-09-20,11176.5
2022-09-21,11101.45
2022-09-22,11146.25
2022-09-23,10915.0
2022-09-26,10578.75
2022-09-27,10601.1
2022-09-28,10567.3
2022-09-29,10617.2
2022-09-30,10773.45
2022-10-03,10684.9
2022-10-04,10893.6
2022-10-06,11019.1
2022-10-07,11011.9
2022-10-10,10925.65
2022-10-11,10752.65
2022-10-12,10808.75
2022-10-13,10744.6
2022-10-14,10741.0
2022-10-17,10762.45
2022-10-18,10863.15
2022-10-19,10870.55
2022-10-20,10854.95
2022-10-21,10797.1
2022-10-24,10871.15
2022-10-25,10874.45
2022-10-27,10934.05
2022-10-28,10864.6
2022-10-31,10972.8
2022-11-01,11039.75
2022-11-02,11039.0
2022-11-03,11055.4
2022-11-04,11068.0
2022-11-07,11149.75
2022-11-09,11089.15
2022-11-10,10976.5
2022-11-11,10999.0
2022-11-14,11012.3
2022-11-15,11011.05
2022-11-16,10954.45
2022-11-17,10919.15
2022-11-18,10873.65
2022-11-21,10877.35
2022-11-22,10900.85
2022-11-23,10939.05
2022-11-24,10988.2
2022-11-25,11082.15
2022-11-28,11172.55
2022-11-29,11132.75
2022-11-30,11220.05
2022-12-01,11293.4
2022-12-02,11382.95
2022-12-05,11400.9
2022-12-06,11355.35
2022-12-07,11303.25
2022-12-08,11360.0
2022-12-09,11286.55
2022-12-12,11329.55
2022-12-13,11382.85
2022-12-14,11456.65
2022-12-15,11370.95
2022-12-16,11231.35
2022-12-19,11278.35
2022-12-20,11257.95
2022-12-21,11062.3
2022-12-22,10929.35
2022-12-23,10514.05
2022-12-26,10804.8
2022-12-27,10916.4
2022-12-28,10947.7
2022-12-29,10962.6
2022-12-30,11025.7
2023-01-02,11105.75
2023-01-03,11125.95
2023-01-04,11026.35
2023-01-05,11054.3
2023-01-06,10975.3
2023-01-09,11050.7
2023-01-10,11002.3
2023-01-11,10981.5
2023-01-12,10967.45
2023-01-13,10974.05
2023-01-16,10953.45
2023-01-17,10944.15
2023-01-18,10977.65
2023-01-19,10960.15
2023-01-20,10888.4
2023-01-23,10897.1
2023-01-24,10857.15
2023-01-25,10734.3
2023-01-27,10580.45
2023-01-30,10562.45
2023-01-31,10761.8
2023-02-01,10659.55
2023-02-02,10687.6
2023-02-03,10666.2
2023-02-06,10736.3
2023-02-07,10722.5
2023-02-08,10810.4
2023-02-09,10807.75
2023-02-10,10842.85
2023-02-13,10705.35
2023-02-14,10655.8
2023-02-15,10704.05
2023-02-16,10787.2
2023-02-17,10729.25
2023-02-20,10718.3
2023-02-21,10686.8
2023-02-22,10575.3
2023-02-23,10564.2
2023-02-24,10540.85
2023-02-27,10460.75
2023-02-28,10516.95
2023-03-01,10659.55
2023-03-02,10640.85
2023-03-03,10701.4
2023-03-06,10788.05
2023-03-08,10820.95
2023-03-09,10769.1
2023-03-10,10695.45
2023-03-13,10494.05
2023-03-14,10419.6
2023-03-15,10428.4
2023-03-16,10402.35
2023-03-17,10455.2
2023-03-20,10358.6
2023-03-21,10412.95
2023-03-22,10451.2
2023-03-23,10413.8
2023-03-24,10280.7
2023-03-27,10191.85
2023-03-28,10143.15
2023-03-29,10313.8
2023-03-31,10428.65
2023-04-03,10488.0
2023-04-05,10518.65
2023-04-06,10591.05
2023-04-10,10622.7
2023-04-11,10669.65
2023-04-12,10725.8
2023-04-13,10748.5
2023-04-17,10780.6
2023-04-18,10825.35
2023-04-19,10813.5
2023-04-20,10818.5
2023-04-21,10781.95
2023-04-24,10818.1
2023-04-25,10825.45
2023-04-26,10853.15
2023-04-27,10912.95
2023-04-28,11030.1
2023-05-02,11111.2
2023-05-03,11134.45
2023-05-04,11214.8
2023-05-05,11145.3
2023-05-08,11241.4
2023-05-09,11229.8
2023-05-10,11255.3
2023-05-11,11305.45
2023-05-12,11268.15
2023-05-15,11337.85
2023-05-16,11356.6
2023-05-17,11367.75
2023-05-18,11308.85
2023-05-19,11298.0
2023-05-22,11353.85
2023-05-23,11401.95
2023-05-24,11414.7
2023-05-25,11449.85
2023-05-26,11525.6
2023-05-29,11563.35
2023-05-30,11593.45
2023-05-31,11652.4
2023-06-01,11700.0
2023-06-02,11754.25
2023-06-05,11788.5
2023-06-06,11818.7
2023-06-07,11951.45
2023-06-08,11881.8
2023-06-09,11869.1
2023-06-12,11941.5
2023-06-13,12063.9
2023-06-14,12098.0
2023-06-15,12124.35
2023-06-16,12213.7
2023-06-19,12227.9
2023-06-20,12281.95
2023-06-21,12344.2
2023-06-22,12245.3
2023-06-23,12101.5
2023-06-26,12196.8
2023-06-27,12258.4
2023-06-28,12306.35
2023-06-30,12378.5
2023-07-03,12431.75
2023-07-04,12423.85
2023-07-05,12496.95
2023-07-06,12600.8
2023-07-07,12525.75
2023-07-10,12476.9
2023-07-11,12578.9
2023-07-12,12640.25
2023-07-13,12562.15
2023-07-14,12701.4
2023-07-17,12767.25
2023-07-18,12722.75
2023-07-19,12804.35
2023-07-20,12834.45
2023-07-21,12830.7
2023-07-24,12834.75
2023-07-25,12877.5
2023-07-26,12919.15
2023-07-27,12940.75
2023-07-28,13005.85
2023-07-31,13152.1
2023-08-01,13167.8
2023-08-02,13002.55
2023-08-03,13011.05
2023-08-04,13100.2
2023-08-07,13157.4
2023-08-08,13186.85
2023-08-09,13239.3
2023-08-10,13226.7
2023-08-11,13191.3
2023-08-14,13139.8
2023-08-16,13170.05
2023-08-17,13204.3
2023-08-18,13177.9
2023-08-21,13281.9
2023-08-22,13405.3
2023-08-23,13471.3
2023-08-24,13489.3
2023-08-25,13412.75
2023-08-28,13481.8
2023-08-29,13547.45
2023-08-30,13646.5
2023-08-31,13719.8
2023-09-01,13825.0
2023-09-04,13950.15
2023-09-05,14081.55
2023-09-06,14086.4
2023-09-07,14172.35
2023-09-08,14288.2
2023-09-11,14436.2
2023-09-12,13962.35
2023-09-13,14020.9
2023-09-14,14165.9
2023-09-15,14190.0
2023-09-18,14132.9
2023-09-20,14076.15
2023-09-21,13942.85
2023-09-22,13934.15
2023-09-25,13986.7
2023-09-26,14001.8
2023-09-27,14105.5
2023-09-28,13985.0
2023-09-29,14111.7
2023-10-03,14166.8
2023-10-04,13992.1
2023-10-05,14014.6
2023-10-06,14099.4
2023-10-09,13896.15
2023-10-10,14063.05
2023-10-11,14142.7
2023-10-12,14200.45
2023-10-13,14183.15
2023-10-16,14214.8
2023-10-17,14289.1
2023-10-18,14203.8
2023-10-19,14199.75
2023-10-20,14072.05
2023-10-23,13636.55
2023-10-25,13552.95
2023-10-26,13430.15
2023-10-27,13648.3
2023-10-30,13663.9
2023-10-31,13679.75
2023-11-01,13657.55
2023-11-02,13815.0
2023-11-03,13925.7
2023-11-06,14060.05
2023-11-07,14113.45
2023-11-08,14231.2
2023-11-09,14219.05
2023-11-10,14274.45
2023-11-12,14398.9
2023-11-13,14407.35
2023-11-15,14544.7
2023-11-16,14632.75
2023-11-17,14682.4
2023-11-20,14686.45
2023-11-21,14699.8
2023-11-22,14673.95
2023-11-23,14710.2
2023-11-24,14738.6
2023-11-28,14787.2
2023-11-29,14890.15
2023-11-30,15022.0
2023-12-01,15137.9
2023-12-04,15323.2
2023-12-05,15368.65
2023-12-06,15398.45
2023-12-07,15469.9
2023-12-08,15404.05
2023-12-11,15502.75
2023-12-12,15453.55
2023-12-13,15573.0
2023-12-14,15727.4
2023-12-15,15788.8
2023-12-18,15843.75
2023-12-19,15808.4
2023-12-20,15310.5
2023-12-21,15545.7
2023-12-22,15682.15
2023-12-26,15755.7
2023-12-27,15812.05
2023-12-28,15894.45
2023-12-29,16015.55
2024-01-01,16109.95
2024-01-02,16092.05
2024-01-03,16124.2
2024-01-04,16336.65
2024-01-05,16409.3
2024-01-08,16284.9
2024-01-09,16325.25
2024-01-10,16363.2
2024-01-11,16456.6
2024-01-12,16516.85
2024-01-15,16587.6
2024-01-16,16537.2
2024-01-17,16362.55
2024-01-18,16359.65
2024-01-19,16580.1
2024-01-20,16639.2
2024-01-23,16163.7
2024-01-24,16441.0
2024-01-25,16422.25
2024-01-29,16652.6
2024-01-30,16622.65
2024-01-31,16917.35
2024-02-01,16863.85
2024-02-02,16955.75
2024-02-05,16951.65
2024-02-06,17136.4
2024-02-07,17242.35
2024-02-08,17190.0
2024-02-09,17015.3
2024-02-12,16536.6
2024-02-13,16588.15
2024-02-14,16755.7
2024-02-15,16927.2
2024-02-16,17051.05
2024-02-19,17131.65
2024-02-20,17089.6
2024-02-21,16921.8
2024-02-22,17045.6
2024-02-23,17120.4
2024-02-26,17075.85
2024-02-27,17080.05
2024-02-28,16767.25
2024-02-29,16845.15
2024-03-01,16971.05
2024-03-02,17085.85
2024-03-04,17059.5
2024-03-05,16993.0
2024-03-06,16804.05
2024-03-07,16879.75
2024-03-11,16709.5
2024-03-12,16452.05
2024-03-13,15708.45
2024-03-14,16096.2
2024-03-15,16075.05
2024-03-18,16035.6
2024-03-19,15852.4
2024-03-20,15851.9
2024-03-21,16211.6
2024-03-22,16322.15
2024-03-26,16422.75
2024-03-27,16482.45
2024-03-28,16549.9
2024-04-01,16917.4
2024-04-02,17098.55
2024-04-03,17217.95
2024-04-04,17260.35
2024-04-05,17349.2
2024-04-08,17387.65
2024-04-09,17362.8
2024-04-10,17496.4
2024-04-12,17416.3
2024-04-15,17168.8
2024-04-16,17194.35
2024-04-18,17153.8
2024-04-19,17095.3
2024-04-22,17240.9
2024-04-23,17411.85
2024-04-24,17552.75
2024-04-25,17650.65
2024-04-26,17765.45
2024-04-29,17808.55
2024-04-30,17839.95
2024-05-02,17895.8
2024-05-03,17832.65
2024-05-06,17709.0
2024-05-07,17385.1
2024-05-08,17474.3
2024-05-09,17113.2
2024-05-10,17260.7
2024-05-13,17295.2
2024-05-14,17507.35
2024-05-15,17660.1
2024-05-16,17817.55
2024-05-17,18038.9
2024-05-18,18159.2
2024-05-21,18168.4
2024-05-22,18193.9
2024-05-23,18266.0
2024-05-24,18252.1
2024-05-27,18324.4
2024-05-28,18167.3
2024-05-29,18140.15
2024-05-30,17909.4
2024-05-31,18007.5
2024-06-03,18489.6
2024-06-04,17153.65
2024-06-05,17783.3
2024-06-06,18236.45
2024-06-07,18547.25
2024-06-10,18676.95
2024-06-11,18816.45
2024-06-12,19000.85
2024-06-13,19151.15
2024-06-14,19341.45
2024-06-18,19474.5
2024-06-19,19316.15
2024-06-20,19467.1
2024-06-21,19445.05
2024-06-24,19475.2
2024-06-25,19449.9
2024-06-26,19431.85
2024-06-27,19418.75
2024-06-28,19529.65
2024-07-01,19753.35
2024-07-02,19669.3
2024-07-03,19830.75
2024-07-04,19956.35
2024-07-05,20088.1
2024-07-08,20031.0
2024-07-09,20083.15
2024-07-10,19984.8
2024-07-11,20055.5
2024-07-12,20043.05
2024-07-15,20158.8
2024-07-16,20176.3
2024-07-18,19974.9
2024-07-19,19538.95
2024-07-22,19739.15
2024-07-23,19640.7
2024-07-24,19882.8
2024-07-25,19831.0
2024-07-26,20116.1
2024-07-29,20315.2
2024-07-30,20437.95
2024-07-31,20491.15
2024-08-01,20347.9
2024-08-02,20158.6
2024-08-05,19401.0
2024-08-06,19299.4
2024-08-07,19736.3
2024-08-08,19672.65
2024-08-09,19814.05
2024-08-12,19871.5
2024-08-13,19685.55
2024-08-14,19569.25
2024-08-16,19917.4
2024-08-19,20057.0
2024-08-20,20203.05
2024-08-21,20335.7
2024-08-22,20444.95
2024-08-23,20384.45
2024-08-26,20482.9
2024-08-27,20606.25
2024-08-28,20571.6
2024-08-29,20470.9
2024-08-30,20620.05
2024-09-02,20577.1
2024-09-03,20651.05
2024-09-04,20662.6
2024-09-05,20782.65
2024-09-06,20524.55
2024-09-09,20430.2
2024-09-10,20662.55
2024-09-11,20571.15
2024-09-12,20779.55
2024-09-13,20931.2
2024-09-16,20988.25
2024-09-17,20956.5
2024-09-18,20837.05
2024-09-19,20684.65
2024-09-20,20939.4
2024-09-23,21104.85
2024-09-24,21131.2
2024-09-25,21022.35
2024-09-26,20995.2
2024-09-27,20976.85
2024-09-30,20951.9
2024-10-01,21042.3
2024-10-03,20612.4
2024-10-04,20431.2
2024-10-07,19955.2
2024-10-08,20359.25
2024-10-09,20589.65
2024-10-10,20579.5
2024-10-11,20670.8
2024-10-14,20740.05
2024-10-15,20864.7
2024-10-16,20854.1
2024-10-17,20526.45
2024-10-18,20545.8
2024-10-21,20226.95
2024-10-22,19625.9
2024-10-23,19763.25
2024-10-24,19689.25
2024-10-25,19305.3
2024-10-28,19464.5
2024-10-29,19619.65
2024-10-30,19733.05
2024-10-31,19818.1
2024-11-01,19981.65
2024-11-04,19694.45
2024-11-05,19786.25
2024-11-06,20184.75
2024-11-07,20076.45
2024-11-08,19796.45
2024-11-11,19608.3
2024-11-12,19401.45
2024-11-13,18855.6
2024-11-14,18966.05
2024-11-18,18899.85
2024-11-19,19076.0
2024-11-21,18989.75
2024-11-22,19196.45
2024-11-25,19530.75
2024-11-26,19579.65
2024-11-27,19713.95
2024-11-28,19725.25
2024-11-29,19822.1
2024-12-02,19992.55
2024-12-03,20172.55
2024-12-04,20344.8
2024-12-05,20435.95
2024-12-06,20529.0
2024-12-09,20606.6
2024-12-10,20665.2
2024-12-11,20728.85
2024-12-12,20592.55
2024-12-13,20552.15
2024-12-16,20675.65
2024-12-17,20546.9
2024-12-18,20417.65
2024-12-19,20361.35
2024-12-20,19899.4
2024-12-23,19883.95
2024-12-24,19908.9
2024-12-26,19916.55
2024-12-27,19921.0
2024-12-30,19912.05
2024-12-31,19978.1
2025-01-01,20105.55
2025-01-02,20282.25
2025-01-03,20235.65
2025-01-06,19699.3
2025-01-07,19909.4
2025-01-08,19676.6
2025-01-09,19493.35
2025-01-10,19067.65
2025-01-13,18314.2
2025-01-14,18677.25
2025-01-15,18755.85
2025-01-16,18967.95
2025-01-17,18978.85
2025-01-20,19129.75
2025-01-21,18740.2
2025-01-22,18482.4
2025-01-23,18747.35
2025-01-24,18399.7
2025-01-27,17825.15
2025-01-28,17629.9
2025-01-29,18103.9
2025-01-30,18112.15
2025-01-31,18423.1
2025-02-01,18419.4
2025-02-03,18188.8
2025-02-04,18424.05
2025-02-05,18613.95
2025-02-06,18490.35
2025-02-07,18480.1
2025-02-10,18091.95
2025-02-11,17529.5
2025-02-12,17443.75
2025-02-13,17439.95
2025-02-14,16966.3
2025-02-17,16989.6
2025-02-18,16887.85
2025-02-19,17180.95
2025-02-20,17400.7
2025-02-21,17241.7
2025-02-24,17062.55
2025-02-25,16978.9
2025-02-27,16740.55
2025-02-28,16338.65
2025-03-03,16319.05
2025-03-04,16401.25
2025-03-05,16815.85
2025-03-06,16963.55
2025-03-07,16974.2
2025-03-10,16704.35
2025-03-11,16711.6
2025-03-12,16640.25
2025-03-13,16532.6
2025-03-17,16632.7
2025-03-18,17009.85
2025-03-19,17390.35
2025-03-20,17500.2
2025-03-21,17784.45
2025-03-24,17975.1
2025-03-25,17775.75
2025-03-26,17614.75
2025-03-27,17714.1
2025-03-28,17677.95
2025-04-01,17534.1
2025-04-02,17757.25
2025-04-03,17823.2
2025-04-04,17277.95
2025-04-07,16633.35
2025-04-08,16989.15
2025-04-09,16857.9
2025-04-11,17243.8
2025-04-15,17768.15
2025-04-16,17912.6
2025-04-17,18008.9
2025-04-21,18390.2
2025-04-22,18543.2
2025-04-23,18679.8
2025-04-24,18655.75
2025-04-25,18195.3
2025-04-28,18392.5
2025-04-29,18431.3
2025-04-30,18234.6
2025-05-02,18151.5
2025-05-05,18409.55
2025-05-06,18025.25
2025-05-07,18278.2
2025-05-08,17992.2
2025-05-09,17953.75
2025-05-12,18643.0
2025-05-13,18725.65
2025-05-14,18972.35
2025-05-15,19108.0
2025-05-16,19316.7
2025-05-19,19381.95
2025-05-20,19124.6
2025-05-21,19250.8
2025-05-22,19204.9
2025-05-23,19317.6
2025-05-26,19422.95
2025-05-27,19456.7
2025-05-28,19490.8
2025-05-29,19592.15
2025-05-30,19591.6
2025-06-02,19710.35
2025-06-03,19671.9
2025-06-04,19810.6
2025-06-05,19942.0
2025-06-06,20115.45
2025-06-09,20341.55
2025-06-10,20358.05
2025-06-11,20309.85
2025-06-12,20004.5
2025-06-13,19931.15
2025-06-16,20063.3
2025-06-17,19934.3
2025-06-18,19859.0
2025-06-19,19521.8
2025-06-20,19722.0
2025-06-23,19827.35
2025-06-24,19972.75
2025-06-25,20156.55
2025-06-26,20242.45
2025-06-27,20353.0
2025-06-30,20506.0
2025-07-01,20468.75
2025-07-02,20433.85
2025-07-03,20482.8
2025-07-04,20482.05
2025-07-07,20433.2
2025-07-08,20398.05
2025-07-09,20433.65
2025-07-10,20392.6
2025-07-11,20232.0
2025-07-14,20381.55
2025-07-15,20561.15
2025-07-16,20586.85
2025-07-17,20612.85
2025-07-18,20473.85
2025-07-21,20548.95
2025-07-22,20456.15
2025-07-23,20504.95
2025-07-24,20400.6
2025-07-25,20042.1
2025-07-28,19841.0
2025-07-29,20016.75
2025-07-30,20032.9
2025-07-31,19861.1
2025-08-01,19582.0
2025-08-04,19794.45
2025-08-05,19747.8
2025-08-06,19548.55
2025-08-07,19574.85
2025-08-08,19305.75
2025-08-11,19417.9
2025-08-12,19390.5
2025-08-13,19513.55
2025-08-14,19454.2
2025-08-18,19695.4
2025-08-19,19867.75
2025-08-20,19951.1
2025-08-21,19902.65
2025-08-22,19868.6
2025-08-25,19869.4
2025-08-26,19551.4
2025-08-28,19322.9
2025-08-29,19232.3
2025-09-01,19544.6
2025-09-02,19608.2
2025-09-03,19751.75
2025-09-04,19624.2
2025-09-05,19649.3
2025-09-08,19710.85
2025-09-09,19754.25
2025-09-10,19921.9
2025-09-11,19926.85
2025-09-12,19984.85
2025-09-15,20083.95
2025-09-16,20216.8
2025-09-17,20277.15
2025-09-18,20322.2
2025-09-19,20333.3
2025-09-22,20193.65
2025-09-23,20118.5
2025-09-24,19965.6
2025-09-25,19833.9
2025-09-26,19435.45
2025-09-29,19459.9
2025-09-30,19482.1
2025-10-01,19663.8
2025-10-03,19831.75
2025-10-06,19927.85
2025-10-07,19986.25
2025-10-08,19853.6
2025-10-09,19981.1
2025-10-10,20077.25
2025-10-13,20058.3
2025-10-14,19906.15
2025-10-15,20083.35
2025-10-16,20172.7
2025-10-17,20085.35
2025-10-20,20207.85
2025-10-21,20285.5
2025-10-23,20249.35
2025-10-24,20209.0
2025-10-27,20358.8
2025-10-28,20364.6
2025-10-29,20472.7
2025-10-30,20446.2
2025-10-31,20340.95
2025-11-03,20492.65
2025-11-04,20397.2
2025-11-06,20162.85
2025-11-07,20207.3
2025-11-10,20266.8
2025-11-11,20314.65
2025-11-12,20468.45
2025-11-13,20396.85
2025-11-14,20414.7
2025-11-17,20553.2
2025-11-18,20397.15
2025-11-19,20410.25
2025-11-20,20398.75
2025-11-21,20158.8
2025-11-24,20071.2
2025-11-25,20112.5
2025-11-26,20362.7
2025-11-27,20338.45
2025-11-28,20308.2
2025-12-01,20310.2
2025-12-02,20252.9
2025-12-03,20104.3
2025-12-04,20082.2
2025-12-05,20097.65
2025-12-08,19716.55
2025-12-09,19832.8
2025-12-10,19663.6
2025-12-11,19812.95
2025-12-12,20023.65
2025-12-15,20038.8
2025-12-16,19884.2
2025-12-17,19763.85
2025-12-18,19783.95
2025-12-19,20024.6
2025-12-22,20199.2
2025-12-23,20242.6
2025-12-24,20183.25
2025-12-26,20136.7
2025-12-29,20046.45
2025-12-30,20009.15
2025-12-31,20217.5
2026-01-01,20265.5
2026-01-02,20443.85
2026-01-05,20449.55
2026-01-06,20401.25
2026-01-07,20468.6
2026-01-08,20078.75
2026-01-09,19846.5
2026-01-12,19779.55
2026-01-13,19804.7
2026-01-14,19865.1
2026-01-16,19839.15
2026-01-19,19705.4
2026-01-20,19202.9
2026-01-21,19025.6
2026-01-22,19237.4
2026-01-23,18891.85
2026-01-27,18970.65
2026-01-28,19296.7
2026-01-29,19306.35
2026-01-30,19365.95
2026-02-01,18955.9
2026-02-02,19115.5
2026-02-03,19674.7
2026-02-04,19804.05
2026-02-05,19693.5
2026-02-06,19668.05
2026-02-09,20041.8
2026-02-10,20127.6
2026-02-11,20138.85
2026-02-12,20022.35
2026-02-13,19694.05
2026-02-16,19746.5
2026-02-17,19832.85
2026-02-18,19938.45
2026-02-19,19651.6
2026-02-20,19702.0
2026-02-23,19709.2
2026-02-24,19632.85
2026-02-25,19758.3
2026-02-26,19839.65
2026-02-27,19627.5
2026-03-02,19281.25
2026-03-04,18863.15
2026-03-05,19144.05
2026-03-06,19039.9
2026-03-09,18633.05
2026-03-10,18963.9
2026-03-11,18795.85
2026-03-12,18742.0
2026-03-13,18239.35
2026-03-16,18172.95
2026-03-17,18332.55
2026-03-18,18668.8
2026-03-19,18122.05
2026-03-20,18208.55
2026-03-23,17510.35
2026-03-24,17941.9
2026-03-25,18370.75
2026-03-27,17988.25
2026-03-30,17524.35
2026-04-01,17975.45
2026-04-02,17927.05
2026-04-06,18163.05
2026-04-07,18183.05
2026-04-08,18901.35
2026-04-09,18943.45
2026-04-10,19246.65
2026-04-13,19146.15
2026-04-15,19575.3
2026-04-16,19717.35
2026-04-17,19974.35
2026-04-20,19938.1
2026-04-21,20062.55
2026-04-22,20161.15
2026-04-23,20068.95
2026-04-24,19862.0
2026-04-27,20177.8
2026-04-28,20194.65
2026-04-29,20222.85
2026-04-30,20064.95
2026-05-04,20225.5
2026-05-05,20253.5
2026-05-06,20604.55
2026-05-07,20825.6
2026-05-08,20817.45
2026-05-11,20594.45
2026-05-12,20041.15
2026-05-13,20144.65
2026-05-14,20304.25
2026-05-15,20217.55
2026-05-18,20083.95
2026-05-19,20264.65
2026-05-20,20320.05
2026-05-21,20381.0
2026-05-22,20387.65
2026-05-25,20583.9
2026-05-26,20658.45
2026-05-27,20750.5
2026-05-29,20515.85
2026-06-01,20276.15
2026-06-02,20336.9
2026-06-03,20288.45
2026-06-04,20385.9
2026-06-05,20347.85
2026-06-08,20027.6
2026-06-09,20295.2
2026-06-10,20037.55
2026-06-11,19867.7
2026-06-12,20361.45
2026-06-15,20645.6
2026-06-16,20728.75
2026-06-17,20849.35
2026-06-18,20961.2
2026-06-19,21050.35
2026-06-22,21165.8
2026-06-23,20991.8
2026-06-24,21018.2
2026-06-25,20912.45
2026-06-29,20834.9
2026-06-30,20932.8
2026-07-01,20995.45
2026-07-02,21136.35
2026-07-03,21111.0
2026-07-06,21198.1
2026-07-07,21110.45
2026-07-08,20740.45
2026-07-09,21044.95
2026-07-10,21331.15
2026-07-13,21353.1
2026-07-14,21204.65
2026-07-15,21314.7
2026-07-16,21262.8
2026-07-17,21164.5
2026-07-20,21244.3
2026-07-21,21326.5
2026-07-22,21082.6
2026-07-23,20863.55
2026-07-24,20831.3
2026-07-27,21071.35
2026-07-28,21036.95
2026-07-29,21248.65
2026-07-30,21139.35
2026-07-31,21234.2
2026-08-03,21503.5
2026-08-04,21471.6
2026-08-05,21556.75
2026-08-06,21515.3
2026-08-07,21546.15
2026-08-10,21607.1
2026-08-11,21615.05
2026-08-12,21633.75
2026-08-13,21656.75
2026-08-14,21549.35
2026-08-17,21584.0
2026-08-18,21543.4
2026-08-19,21461.25
2026-08-20,21554.6
2026-08-21,21596.65
2026-08-24,21590.6
2026-08-25,21642.9
2026-08-26,21688.65
2026-08-27,21664.9
2026-08-28,21689.8
2026-08-31,21658.0
2026-09-01,21481.95
2026-09-02,21355.35
2026-09-03,21495.25
2026-09-04,21478.2
2026-09-07,21414.95
2026-09-08,21449.05
2026-09-09,21350.75
2026-09-10,21298.7
2026-09-11,21226.95
